0,1,2,3,4,5,6,7,8
Sismos reportados en el 2026 / Total de sismos = 128,Sismos reportados en el 2026 / Total de sismos = 128,Sismos reportados en el 2026 / Total de sismos = 128,Sismos reportados en el 2026 / Total de sismos = 128,Sismos reportados en el 2026 / Total de sismos = 128,Sismos reportados en el 2026 / Total de sismos = 128,Sismos reportados en el 2026 / Total de sismos = 128,Sismos reportados en el 2026 / Total de sismos = 128,Sismos reportados en el 2026 / Total de sismos = 128
Fecha,Hora Local,Magnitud,Profundidad (km),Localización,Origen,Reportado,Latitud,Longitud
2026-08-25,18:29:47,3.1,13,7 km al norte de San Isidro de El General,Fallamiento local,"Rivas, Barú, Matasanos, La Palma, La Ese, San Isidro",9.4299,-83.7023
2026-08-25,18:30:33,3,13,7 km al norte de San Isidro de El General,Fallamiento local,"Rivas, Barú, Matasanos, La Palma, La Ese, San Isidro",9.4393,-83.7018
2026-08-24,01:37:16,5,11,8 km al noreste de San Isidro de Coronado,Tectónico por fallamiento local,"Valle Central, Guápiles, Pérez Zeledón, Esparza",10.0167,-83.9475
2026-08-24,01:39:39,4.5,11,9 km al noreste de San Isidro de Coronado,Tectónico en falla local,Valle Central,10.0286,-83.9531
2026-08-15,23:35:49,3.6,26,9 km al sureste de Parrita,Tectónico por subducción,"Quepos, Atenas y Valle Central",9.4408,-84.2952
2026-08-14,22:47:07,4,27,10 km al sur de Laurel,Tectónico,"Naranjo, Laurel y Paso Canoas",8.3461,-82.9086
2026-08-10,14:54:55,5.2,25,200 km al suroeste de Jacó.,"Tectónico por deformación interna de la placa del Coco, antes de subducirse.","Península de Nicoya, Puntarenas y Esparza.",8.2411,-85.8116
2026-08-08,21:54:47,3.5,40,6 km al noroeste de Quepos.,Tectónico por subducción.,"Quepos, San Ignacio de Acosta y Alajuelita.",9.4768,-84.1955
2026-08-05,03:07:36,3.1,9,5 km al este de Villa Mills (Cerro de la Muerte),Tectónico en falla local,Alto Jaular y Buenavista de Rivas Pérez Zeledón.,9.5539,-83.6561
2026-08-05,04:15:03,3.4,63,2 km al norte de Acosta,Tectónico por deformación interna de la placa del Coco,"Acosta, Ojochal, Llano Grande y Goicoechea.",9.815,-84.1595
2026-08-05,10:55:57,2.7,8,4 km al sureste de Orosi,Tectónico en falla local,Orosi y Paraiso,9.7617,-83.8445
2026-08-04,02:40:41,1.9,17,8 km al noreste de Nuevo Arenal,Tectónico en falla local,Nuevo Arenal,10.5806,-84.8343
2026-08-04,07:03:51,1.9,5,6 km al suroeste de Orosi,Tectónico en falla local,Orosi y Muñeco.,9.7488,-83.8892
2026-08-04,14:16:46,2.5,7,5 km al sureste de Orosi,Tectónico en falla local,Orosi y Paraiso,9.7568,-83.8411
2026-08-04,22:19:24,3.5,24,"16 km al este de Tambor, Puntarenas",Tectónico por subducción,"Tambor, Jacó, Paquera, Playa Hermosa, Herradura y Playa Naranjo.",9.6685,-84.8833
2026-08-03,22:21:07,3,8,14 km al noroeste de Nuevo Arenal,Tectónico en falla local,"Guatuso, Nuevo Arenal, Bijagua, Tilarán,",10.6495,-84.9592
2026-08-02,10:09:32,4.8,132,"23 km al oeste de Riva, Nicaragua","Tectónico, por deformación interna de la porción subducida de la placa del Coco bajo Nicaragua.","Sardinal, Playa del Coco, Carrillo, Nosara, Santa Cruz",11.3956,-86.0343
2026-08-01,00:13:01,3.1,6,5 km al sureste de Orosi,Tectónico en falla local,"Orosi, Paraiso, Cartago, Cachí, El Guarco, Oreamuno",9.7616,-83.8285
2026-08-01,01:59:03,2.5,4,6 km al sureste de Orosi,Tectónico en falla local,Tucurrique y Desamparados,9.7466,-83.8323
2026-08-01,22:18:31,2.7,8.5,4 km al sureste de Orosi,Tectónico en falla local,"Orosi, Paraiso, Palomo, Pejibaye, Purisil, Navarro y Cachí.",9.7595,-83.8385
2026-07-31,20:16:52,5,8,"4 km al sureste de Orosi, Cartago",Fallamiento Local,Valle Central,9.7681,-83.8341
2026-07-31,21:09:50,2.2,9,4 km al sureste de Orosi,Tectónico en falla local,"Orosi, Cartago, Turrialba y Moravia",9.7641,-83.8308
2026-07-28,07:12:50,3.5,75,"6 km al sureste de Cañas, Guanacaste",Deformación interna de la placa Coco,"Abangares, Monte Verde, Esparza, Miramar, Tilarán y San Ramón",10.3796,-85.0691
2026-07-24,18:45:25,3.8,18,38 km al oeste de Playa Flamingo,Deformación interna de la placa Caribe,"Tamarindo, Brasilito, Villareal, Playa Potrero",10.5426,-86.1276
2026-07-23,07:57:56,2.6,9,5 km al NE de Varablanca de Heredia,Fallamiento local,"Paso Llano, Sacramento, Poás, Carrizal y Moravia",10.1957,-84.1209
2026-07-23,09:49:17,3,18,14 km al NNE de Paquera de Puntarenas,Tectónico por subducción,"Paquera, Caldera y Puntarenas",9.9268,-84.864
2026-07-19,07:58:57,2.1,10,5 km al suroreste de San Isidro de El Guarco.,Tectónico en falla local,San Francisco de Dos Ríos y El Guarco.,9.797,-83.9984
2026-07-17,20:04:13,2.7,12,6 km al norte de Santa María de Dota,Tectónico en falla local,"Tarrazú, El Guarco, Orosi, Aserrí, Desamparados, Frailes, Zapote, Tres Ríos, Cartago, Coronado Quebradilla",9.708,-83.9657
2026-07-16,04:33:56,4.7,21,7 km al sur de Laurel,Tectónico en la porción subducida de la Zona de Fracturas de Panamá.,"Laurel, Naranjo, Ciudad Neily, San Vito, Puerto Armuelles y Boquete en Panamá y sur del Valle Central.",8.3778,-82.8965
2026-07-16,16:33:13,3.5,19,18 km al sureste de Paquera,Tectónico por subducción,"Paquera, Jacó y Tambor",9.6733,-84.8431
2026-07-13,14:57:08,4.2,25,16 km al sur de Jacó,Tectónico por subducción,"Jacó, Herradura, Playa Hermosa y Cabuya",9.4731,-84.6622
2026-07-12,09:37:33,2.3,6,8 km al sur de Turrúcares,Tectónicop en falla local,"San Antonio Abajo de Puriscal, Jaris y Turrúcares",9.8859,-84.3203
2026-07-12,19:57:14,2.2,11,6 km al suroeste de Orosi,Tectónico en falla local,Orosi,9.7492,-83.8854
2026-07-07,06:51:02,3,12,"12 km al noroeste de Paquera, Puntarenas.",Tectónico en falla local,"Paquera, Dominical y Lepanto.",9.8635,-85.0347
2026-07-07,12:11:14,5.2,22,28 km al suroeste de Jacó,Subducción,"Montezuma, Cóbano, Jacó, Esparza, Puriscal, Nuevo Arenal, Valle Central",9.5102,-84.8669
2026-07-03,21:25:29,3.1,25,Playa Tamarindo,Subducción,"Playa Grande, Tamarindo, Santa Cruz, Villareal, Huacas, Brasilito, Matapalo",10.3314,-85.8617
2026-07-03,21:26:36,2.2,25,Playa Tamarindo,Subducción,"Playa Grande, Tamarindo, Santa Cruz, Villareal, Huacas, Brasilito, Matapalo",10.3343,-85.8784
2026-07-03,21:28:50,2.5,27,Playa Tamarindo,Subduccion,"Playa Grande, Tamarindo, Santa Cruz, Villareal, Huacas, Brasilito, Matapalo",10.335,-85.8701
2026-07-03,21:29:47,2.6,25,Playa Tamarindo,Subducción,"Playa Grande, Tamarindo, Santa Cruz, Villareal, Huacas, Brasilito, Matapalo",10.3415,-85.8615
2026-07-03,22:58:47,3.7,26,11 km al sureste de San Vito,Subducción Placa del Coco por debajo de micro placa de Panama,"San Vito, Sabalito, Mellizas, Golfito",8.7697,-82.8747
2026-07-02,11:14:24,2.6,12,"3 km al Norte de Fortuna de Bagaces, Guanacaste",Fallamiento local,Fortuna y Guayabo de Bagaces,10.7036,-85.1882
2026-07-02,22:18:06,4.2,54,7 km al sureste de Santiago de Puriscal,Deformación interna de la Placa del Coco,"Santa Ana, Acosta, Escazú, Pavas, Ciudad Colón, Puriscal",9.7972,-84.2737
2026-07-01,07:41:16,4.5,26,"12 km al noreste de Rincón de Osa, Puntarenas",Tectónico por deformación interna de la placa del Coco,"Puerto Jimenez, Golfito, Rio Claro, San Vito, Sabalito, Puerto Cortés, Buenos Aires, Palmar Norte y Sur, Pérez Zeledón y leve en el Valle Central",8.741,-83.377
2026-06-29,03:07:35,2.1,9.5,4 km al sur de El Tablón de Cartago.,Tectónico en falla local,"El Tejar, San Blás y Agua Caliente de Cartago; en Higuito de Desamparados.",9.7952,-84.0031
2026-06-28,12:47:02,1.9,2.6,"San José Centro, 500mts al sur de la Catedral",Tectónico en falla local,"San José, Hatillo y Pavas",9.9287,-84.0793
2026-06-26,05:57:27,5.2,112,"5 km al suroeste de Masachapa, Nicaragua",Tectónico por subducción de la porción subducida de la placa del Coco.,Sector norte de la provincia de Guanacaste.,11.7676,-86.5573
2026-06-25,19:45:29,3,17,1.5 km al sur de Pital de San Carlos,Tectónico en falla local,"Aguas Zarcas, Pital, Venecia, Sarapiquí, San José de la Montaña de Ciudad Quesada, Río Frío de Sarapiquí.",10.4397,-84.2783
2026-06-24,12:38:08,4,5,50 km al oeste de Flamingo,Tectónico por subducción,"Cabo Velas, Portegolpe, Playas del Coco, Huacas, 27 de Abril",10.4747,-86.2701
2026-06-24,20:21:40,3.4,71,8 km al noreste de San Marcos de Tarrazú,Deformación interna de la porción subducida de la placa del Coco.,"Moravia, Granadilla, San Francisco de Dos Ríos, Coronado, San José y Guadalupe",9.7307,-83.9882
2026-06-21,21:19:21,3.5,89,"7,2 km al N de Ángeles de San Rafael, Heredia",Deformación interna de la placa del Coco,Leve en algunos sectores del Valle Central,10.1022,-84.0806
2026-06-18,20:05:21,2.3,4,3 km al noreste de Las Nubes de Coronado.,Tectónico en falla local,"Las Nubes, Cascajal, Coronado, San Blas.",9.9943,-83.9364
2026-06-10,11:37:19,3.4,47,11 km al suroeste de San Marcos de Tarrazú.,Tectónico por deformación interna de la porción subducida de la placa del Coco.,Los Santos y Santa Ana,9.5901,-84.0959
2026-06-09,19:13:48,2.9,6,6 km al norte de Zarcero,Tectónico en falla local.,"Zarcero, Naranjo, San Ramón, Sucre y Ciudad Quesada",10.2393,-84.4062
2026-06-09,21:01:34,5.1,47,"10 km al oeste de Playa Brasilito, Guanacaste",Tectónico por subducción.,"Santa Cruz, La Cruz, Liberia, Carrillo, Nicoya, Cóbano, Upala, San Ramón, Tilarán, Naranjo y algunos sitios del Valle Central",10.4007,-85.8851
2026-06-03,19:55:13,5.3,24,16 km al suroeste de la Estación Sirena del Parque Nacional Corcovado,Tectónico por deformación interna de la placa del Coco,"Drake, Puerto Jiménez, San Isidro de PZ, Turrialba, Corcovado, Quepos, San Vito, Coto Brus, Ciudad Cortés y leve en algunos lugares del Valle Central.",8.4352,-83.7298
2026-05-29,09:39:12,4.6,1,"96 km al OSO de La Cruz, Guanacaste","Tectónico, por deformación somera en la placa del Coco","Cartagena, Playas del Coco y La Cruz de Guanacaste",10.8944,-86.4887
2026-05-27,07:50:06,3.9,40,6 km al noroeste de Quepos,Tectónico por deformación interna de la placa del Coco.,Parte sur del Valle Central,9.4608,-84.2122
2026-05-22,03:19:58,4.8,17,Corcovado,Subduccion,"Drake, Puerto Jimenez, Palmar Norte, Buenos Aires, Perez Zeledon",8.5838,-83.5223
2026-05-22,13:34:01,3.7,19,20 km al noroeste de Puerto Jiménez.,Tectónico por deformación interna de la placa del Coco.,Puerto Jiménez y La Palma,8.6996,-83.4172
2026-05-22,19:25:50,3.9,19,30 km al oeste de Puerto Jiménez,Tectónico por deformación interna de la placa del Coco.,"Riyito, Cañaza y Puerto Jiménez",8.5595,-83.588
2026-05-19,03:18:51,2.5,5,5 km al NO de Santa Teresita de Turrialba,Fallamiento local,"El Tejar, Paraíso, Cartago",10.0095,-83.6779
2026-05-18,20:23:32,4.5,12,5 km hacia el Este del Carmen de Buenos Aires de Puntarenas,Fallamiento local,"Ciudad Neily, Golfito, Buenos Aires, Coto Brus",8.9854,-82.9598
2026-05-17,04:01:06,3.1,16,8 km al sureste de jaco,Tectonico por subduccion,"Jaco, Herradura, Playa Hermosa",9.5686,-84.5724
2026-05-16,03:37:46,2.8,17,8 km al sureste de Jacó,Tectónico por subducción,Jacó y Quebrada Seca.,9.5577,-84.5895
2026-05-16,04:37:15,3.5,16,9 km al sureste de Jacó,Tectónico por subducción,"Playa Hermosa, Esterillos, Jacó y Herradura.",9.556,-84.5716
2026-05-16,04:47:56,3.9,17,9 km al sureste de Jacó,Tectónico por subducción,"Playa Hermosa, Jacó y Herradura.",9.556,-84.5716
2026-05-16,06:49:52,2.9,13,9 km al sureste de Jacó,Tectónico por subducción.,"Esterillos, Playa Hermosa, Jacó",9.5735,-84.5638
2026-05-16,12:25:22,3.4,15,10 km al sureste de Jacó,Tectónico por subducción.,"Esterillos, Playa Hermosa, Jacó, Herradura",9.5635,-84.5559
2026-05-15,18:59:00,3.1,18,9 km al sureste de Jacó,Tectónico por subducción,"Jacó, Herradura, Playa Hermosa.",9.5567,-84.5733
2026-05-14,12:03:21,3.1,17,8 km al sureste de Jacó.,Tectónico por subducción.,Playa Hermosa y Jacó.,9.5612,-84.5814
2026-05-14,01:13:26,3.4,17,9 km al sureste de Jacó,Tectónico por subducción.,"Playa Hermosa, Jacó y Esterillos",9.5516,-84.5771
2026-05-14,05:27:35,3.4,17,9 km al sureste de Jacó,Tectónico por subducción.,"Playa Hermosa, Jacó y Quebrada Gabnado.",9.5575,-84.5732
2026-05-14,17:22:55,3.9,15,10 km al sureste de Jacó,Tectónico por subducción.,"Playa Hermosa, Jacó, Herradura, Hatillo.",9.538,-84.5724
2026-05-14,20:54:53,4.6,16,9 km al sureste de Jacó,Tectónico por subducción,Pacífico Central y Valle Central,9.5605,-84.5725
2026-05-14,20:11:00,2.7,17,8 km al sureste de jaco,Tectonico por subduccion,Playa Hermosa y Jaco,9.5621,-84.57
2026-05-13,10:22:29,5.09,15.9,14.5 km hacia el sureste de Jaco,Deformacion interna de la placa del Caribe,"Heredia, Alajuela, San Jose, Barranca, Esterillos, Orotina, Paquera, Esparza, Palmares, Jaco.",9.5549,-84.5801
2026-05-13,21:36:56,4.5,15.8,"1.5 km hacia el Sur de Playa Hermosa, Garabito de Puntarenas.",Deformación Interna de la Placa del Caribe,"Garabito, Alajuela, Parrita, Zetillal Heredia,",9.5491,-84.5922
2026-05-13,22:44:52,3.5,17,7 km al sureste de Jacó,Tectónico por subducción.,"Playa Hermosa, Jacó y Herradura, Puriscal.",9.56,-84.5989
2026-05-07,22:45:12,3.9,45,"4 km al noroeste de Punta Uvita, Puntarenas",Deformacion interna de la Placa del Coco,"Uvita, Perez Zeledon, Heredia, Escazu, Cartago",9.1728,-83.7919
2026-05-06,01:23:23,3.3,47,8 km al noreste de Quepos,"Tectónico, por deformación interna de la placa del Coco.",Valle Central,9.4688,-84.1036
2026-05-06,16:02:05,4.1,17,"27 km al NO de San Juanillo, Santa Cruz, Guanacaste",Proceso de subducción,"Carrillo, Santa Cruz, Nosara, Tamarindo",10.1207,-85.9706
2026-05-05,14:54:46,4.6,40,11 km al Oeste de Quepos,Deformacion interna de la placa del Coco,"Santa Ana, Pavas, Naranjo, Heredia, San Isidro de Heredia, San Ramon de Alajuela, Quepos, Montes de Oca, Sabanilla, Barva de Heredia, Zapote, Coronado, Uruca, Curridabat, Alajuela, valle Central",9.4516,-84.2621
2026-04-30,23:17:19,3.2,61,"1 km al NE de San Pablo, León Cortés",Deformación interna de la placa del Coco,Valle Central,9.6892,-84.0355
2026-04-27,21:49:11,5.1,63,6 km al suroeste de Acosta,Deformacion interna de la Placa del Coco,"Todo el Valle Central, Jaco, Puntarenas, Guapiles",9.7729,-84.1594
2026-04-16,17:17:28,4.7,23,"23 al SW de La Peña. Punta Burica, Puntarenas",Zona de Fractura de Panamá,"Corredores, Pavón y Punta Burica",8.0796,-83.1042
2026-04-15,00:56:59,5.7,20,"78 km al oeste de Ostional, Guanacaste.",Tectónico por subducción. Dentro de la placa del Coco.,"Guanacaste, Zona Norte, Valle Central y Pacífico Central.",9.7909,-86.3893
2026-04-15,09:55:00,4.1,49,8 km al suroeste de Sata María de Dota,Tectónico por deformación interna de la placa del Coco.,"Pérez Zeledón, todo el valle Central, Dota, Acosta, Quepos y Jacó",9.5843,-83.9982
2026-04-06,07:44:46,3.5,13,10 km al noreste de Sabalito,Fallamiento local,"Gutiérrez Braun, La Unión de Sabalito y Coto Brus",8.9021,-82.8707
2026-04-03,05:00:44,2,1,9 km al norte de San Isidro de Pérez Zeledón.,Tectónico en falla local.,"Quebradas, Miravalles y Rivas de Pérez Zeledón.",9.4544,-83.6886
2026-04-02,09:24:15,3.4,22,18 km al este de Montezuma.,Tectónico por subducción.,Tambor.,9.6526,-84.8998
2026-04-02,11:11:24,4.8,20,10 km al suroeste de Punta Burica.,Tectónico en la Zona de Fracturas de Panamá,"Río Claro y Barú de Chiriquí, Panamá.",7.9912,-82.9833
2026-04-02,19:57:24,2.1,2,1 km al oeste de Vara Blanca.,Tectónico en falla local.,"Poasito, San Rafael y Escazú.",10.1668,-84.167
2026-04-01,20:09:27,3.2,22,20 km al este de Montezuma,Tectónico por subducción,"Cóbano, Tambor y Paquera",9.6451,-84.8986
2026-03-27,03:49:31,2,6,Matinilla de Santa Ana,Fallamiento local,"Guachipelin, Escazú",9.8879,-84.1656
2026-03-26,11:15:19,5.7,130,30 km al suroeste de Managua,Subducción,"Sardinal, Sámara, Playas del Coco, Santa Cruz, Nicoya, Paquera, Miramar, Esparza, Grecia, San José, Cartago",11.9742,-86.4469
2026-03-25,08:12:18,1.9,2,7 km al sureste de Santa Ana.,Tectónico en falla local,Escazú,9.8704,-84.1689
2026-03-25,13:14:48,2,1,6 km al norte de Zarcero,Fallamiento Local,Parque Nacional Juan Castro Blanco,10.2386,-84.4042
2026-03-25,22:44:57,3.9,43,7 km al noroeste de Quepos,Tectónico por deformación interna de la placa del Coco,Valle Central,9.4624,-84.2197
2026-03-21,03:11:20,4.1,34,5 km al sureste de Parrita,Subduccion,Pacifico Central y Valle Central,9.5017,-84.2904
2026-03-21,14:12:55,2,2,"6 km al noroeste de Zarcero, Parque Nacional Juan Castro Blanco",Fallamiento Local,Parque Nacional Juan Castro Blanco,10.235,-84.3653
2026-03-17,14:25:28,5.1,24,"16 km al WNW de Laurel de Corredores, Puntarenas",Proceso de subducción placa del Coco y microplaca de Panamá,"Ciudad Neilly, Puerto Jiménez, San Vito, Uvita, Golfito, Pérez Zeledón, Turrialba y leve en algunos lugares del valle Central",8.4843,-83.0492
2026-03-14,02:28:27,4.3,25,"30 km al suroeste de Jacó, Puntarenas.",Tectónico por subducción.,"Cóbano, Paquera, Jacó, Grecia y San José.",9.5036,-84.8796
2026-03-12,20:34:42,3.2,9,"12 km al norte de Tilarán (fueron 2 sismos de magnitud, proundidad y ubicación similares, separados por 6.5 segundos).",Tectónico en falla local,"Guatuso, Tierras Morenas y Tilarán",10.5847,-84.969
2026-03-11,10:37:19,5.1,196,19 km al noroeste de Peñas Blancas,Intra Placa Coco,"Playa del Coco, Liberia, Santa Cruz, Carrillo, Nicoya, Grecia, San Ramon, jacó",11.3134,-85.7576
2026-03-09,07:30:19,1.4,1,1.6 km al noreste de Tapesco,Fallamiento local,Reserva Natural Montaña Sagrada,10.2344,-84.3905
2026-03-07,09:21:44,4.6,33,11 km al suroeste de Laurel de Puntarenas.,Tectónico en el punto triple Coco-Nazca-Panamá,"Zona Sur, Chiriquí en Panamá y Pérez Zeledón.",8.3614,-82.9701
2026-03-06,08:56:00,4.3,18,44 km al suroeste de Dominical,Tectónico por subducción,"Palmar Sur, Palmar Norte, Dominical, Puerto Jiménez y Buenos Aires de Puntarenas.",8.9565,-84.1343
2026-02-28,11:11:14,6,7,30 km al noreste de Bocas del Toro,Intraplaca Caribe,"Caribe Sur San Vito, Corredores, Limón, Guapiles, Sarapiquí, Turrialba, Pérez Zeledón, Valle Central",9.3899,-81.9377
2026-02-25,09:58:40,4,45,Golfo de Papagayo,Subducción,"Cartagena, Santa Cruz, Playa Potrero, Sardinal, Brasilito",10.6798,-85.9548
2026-02-24,14:38:27,5,30,"9 km al sur de Puerto Armuelles, Panamá.",Zona de Fracturas de Panamá.,"Zona sur de Costa Rica, David, Panamá, San Isidro de Pérez Zeledón y leve en el Valle Central",8.1964,-82.8787
2026-02-22,01:45:49,2.7,2.5,6.5 km al noreste de Zarcero,Tectónico en falla local,"Ciudad Quesada, Alajuela y Palmares",10.2257,-84.3475
2026-02-19,12:21:38,4,13,3 km al norte de Sixaola,Tectónico por cabalgamiento de la placa de Panamá sobre la placa del Caribe,"Sixaola, Puerto Viejo, Cocles",9.5264,-82.6076
2026-02-19,20:38:21,3.3,31,17 km al noroeste de San Isidro de Pérez Zeledón,Tectónico por subducción,"Cartago, este y sureste de San José.",9.4744,-83.8213
2026-02-18,03:06:33,5,12,3 km al norte de Sixaola,Tectónico por cavalgamiento de la placa de Panamá con la placa del Caribe,"Sixaola, Talamanca, Limón, Turrialba",9.5286,-82.6182
2026-02-18,21:00:07,4.6,65,"72 km al oeste de Rivas, Nicaragua",Tectónico por subducción; deformación interna de la placa del Coco.,"Rivas de Nicaragua, La Cruz, Playas del Coco, Carrillo, Nandayure y Tilarán.",11.3463,-86.4832
2026-02-08,20:09:00,2.8,5,10 km al noreste de Rivas de Pérez Zeledón,Fallamiento local,Rivas de Pérez Zeledón,9.5054,-83.6227
2026-02-07,09:01:14,4.5,18.9,"35 km hacia el Noreste de Tortuguero, Limón.",Fallamiento de rumbo Escarpe de Hess,"Pococí, Rio Frío, Sarapiquí, Guapiles, San José",10.7383,-83.2548
2026-02-01,17:07:20,3.5,21,17 km al suroeste de San Pablo de Leon Cortes,Fallamiento Local,"La Union, Guadalupe,San Pedro, Curridabat, Heredia",9.6065,-841824
2026-02-01,19:01:30,4.7,17,9 km al noreste de Bahia de Drake,Subduccion Placa del Coco por debajo de micro placa de Panama,"Rio Cuarto, Golfito",8.7561,-83.5822
2026-01-30,20:18:51,2.8,5.5,4 km al suroeste de Orosi,Tectónico en falla local,"Orosi, Paraiso y Moravia",9.7735,-83.8787
2026-01-27,16:58:46,3.1,6,"Por debajo del Parque Nacional, San José.",Tectónico en falla local,San José y Heredia,9.9348,-84.071
2026-01-19,17:06:56,4.4,3,"Por debajo del Museo Nacional, San José centro.",Tectónico en falla local,Valle Central,9.9325,-84.0718
2026-01-19,20:07:20,4,32,40 km al oeste de Tamarindo,Tectónico por subducción,Tamarindo y Sardinal de Guanacaste,10.355,-86.2378
2026-01-18,21:48:50,4.5,27,8 km al suroeste de Laurel,Subducción,"Laurel, La cuesta, Alto Conte, Río Frío, Coto Brus, Guapiles",8.397,-82.9673
2026-01-17,12:58:38,4.3,47,Playa Dominical,Subducción,"Valle Central, Pérez Zeledón",9.2687,-83.8893
2026-01-12,02:39:22,4.3,13,13 km al sureste de Orosi.,Tectónico en falla local,"Valle Central, Pérez Zeledón y Turrialba",9.6744,-83.792
2026-01-06,09:19:47,4.1,32,13 km al norte de Quepos,Subducción,"San José, Acosta,Desamparados, Alajuelita, Pavas,Coronado, Heredia, San Rafael, Santo Domingo, Cartago, Oreamuno, Llano Grande, Atenas",9.546,-84.1747
2026-01-04,05:17:28,3.9,41,16 km al suroeste de San Marcos de Tarrazu,Subducción,"San José, Acosta, Santa Ana, Escazú, Alajuelita, Puriscal, Moravia, Cartago, Paraiso, El Guarco, Heredia, Santo Domingo",9.6354,-84.1706
